cola,serie,i,j,semilla,v,e,llamadas,tiempo_decrease_ns,operaciones,cortes_cascada,peso_mst
binomial,C,18,18,1,262144,262144,262144,124546300,1762073,0,131058.031363
fibonacci,C,18,18,1,262144,262144,262144,72621800,353384,93411,131058.031363
binomial,C,18,18,2,262144,262144,262143,112756800,1757506,0,131200.307949
fibonacci,C,18,18,2,262144,262144,262143,79080700,357550,97002,131200.307949
binomial,C,18,18,3,262144,262144,262144,134405400,1762422,0,131133.594985
fibonacci,C,18,18,3,262144,262144,262144,76784100,354543,94555,131133.594985
binomial,C,18,18,4,262144,262144,262144,116774000,1772984,0,131083.212308
fibonacci,C,18,18,4,262144,262144,262144,74600800,360799,100173,131083.212308
binomial,C,18,18,5,262144,262144,262144,117244900,1764861,0,130975.866339
fibonacci,C,18,18,5,262144,262144,262144,68591300,357475,96962,130975.866339
binomial,C,18,18,6,262144,262144,262144,128536900,1762951,0,130904.794444
fibonacci,C,18,18,6,262144,262144,262144,97443400,354385,94205,130904.794444
binomial,C,18,18,7,262144,262144,262144,114614700,1771963,0,131218.663107
fibonacci,C,18,18,7,262144,262144,262144,70868000,362368,101457,131218.663107
binomial,C,18,18,8,262144,262144,262144,111172700,1761906,0,130716.765605
fibonacci,C,18,18,8,262144,262144,262144,69747500,360219,99530,130716.765605
binomial,C,18,18,9,262144,262144,262144,112558800,1765129,0,131231.646216
fibonacci,C,18,18,9,262144,262144,262144,68486500,360230,99523,131231.646216
binomial,C,18,18,10,262144,262144,262144,118391300,1757604,0,131089.889648
fibonacci,C,18,18,10,262144,262144,262144,71419500,350875,91285,131089.889648
binomial,C,18,19,1,262144,524288,426655,191650600,1611949,0,74929.6995995
fibonacci,C,18,19,1,262144,524288,426655,116827200,437761,105887,74929.6995995
binomial,C,18,19,2,262144,524288,425839,162486000,1601612,0,74990.7042429
fibonacci,C,18,19,2,262144,524288,425839,124657000,436532,105059,74990.7042429
binomial,C,18,19,3,262144,524288,426599,161580400,1611268,0,75010.2534837
fibonacci,C,18,19,3,262144,524288,426599,113988200,437012,105218,75010.2534837
binomial,C,18,19,4,262144,524288,426614,159551400,1610631,0,74843.2391773
fibonacci,C,18,19,4,262144,524288,426614,114442200,438541,105972,74843.2391773
binomial,C,18,19,5,262144,524288,426646,167748900,1610813,0,74898.1099109
fibonacci,C,18,19,5,262144,524288,426646,114884400,438393,105714,74898.1099109
binomial,C,18,19,6,262144,524288,426553,157202400,1611479,0,74811.1498275
fibonacci,C,18,19,6,262144,524288,426553,113709000,437871,105942,74811.1498275
binomial,C,18,19,7,262144,524288,426715,159481000,1609589,0,74950.6057029
fibonacci,C,18,19,7,262144,524288,426715,116855200,437614,105780,74950.6057029
binomial,C,18,19,8,262144,524288,426470,157583000,1612439,0,74896.9814671
fibonacci,C,18,19,8,262144,524288,426470,113083900,438288,106228,74896.9814671
binomial,C,18,19,9,262144,524288,426651,166173300,1605987,0,75091.5530518
fibonacci,C,18,19,9,262144,524288,426651,103644000,437125,105528,75091.5530518
binomial,C,18,19,10,262144,524288,426666,124051100,1608866,0,75023.2505364
fibonacci,C,18,19,10,262144,524288,426666,96422100,438189,106163,75023.2505364
binomial,C,18,20,1,262144,1048576,604359,165051800,1696476,0,39078.1887414
fibonacci,C,18,20,1,262144,1048576,604359,135345200,544115,143298,39078.1887414
binomial,C,18,20,2,262144,1048576,603672,150744100,1694340,0,39073.9379259
fibonacci,C,18,20,2,262144,1048576,603672,130599800,543160,143243,39073.9379259
binomial,C,18,20,3,262144,1048576,603674,146568300,1697046,0,39192.5105794
fibonacci,C,18,20,3,262144,1048576,603674,121138900,544261,143851,39192.5105794
binomial,C,18,20,4,262144,1048576,603288,150499500,1696842,0,39003.9379713
fibonacci,C,18,20,4,262144,1048576,603288,119887300,542776,142816,39003.9379713
binomial,C,18,20,5,262144,1048576,604555,154059000,1695648,0,39095.019354
fibonacci,C,18,20,5,262144,1048576,604555,124545300,544669,143765,39095.019354
binomial,C,18,20,6,262144,1048576,604060,149876800,1696880,0,39091.3534299
fibonacci,C,18,20,6,262144,1048576,604060,123446300,544084,143606,39091.3534299
binomial,C,18,20,7,262144,1048576,603605,151535500,1696725,0,39148.8453341
fibonacci,C,18,20,7,262144,1048576,603605,127249300,544107,143715,39148.8453341
binomial,C,18,20,8,262144,1048576,603643,153388600,1699315,0,39143.8352839
fibonacci,C,18,20,8,262144,1048576,603643,124535700,544109,144160,39143.8352839
binomial,C,18,20,9,262144,1048576,603624,156497900,1692292,0,39136.9023804
fibonacci,C,18,20,9,262144,1048576,603624,123871800,542870,142995,39136.9023804
binomial,C,18,20,10,262144,1048576,604339,154233600,1695642,0,39208.3232848
fibonacci,C,18,20,10,262144,1048576,604339,126902400,544814,144104,39208.3232848
binomial,C,18,21,1,262144,2097152,785414,201477700,1790768,0,19627.739641
fibonacci,C,18,21,1,262144,2097152,785414,165592300,642179,179239,19627.739641
binomial,C,18,21,2,262144,2097152,785463,193256400,1791654,0,19677.394078
fibonacci,C,18,21,2,262144,2097152,785463,168247100,641551,179536,19677.394078
binomial,C,18,21,3,262144,2097152,784509,193895700,1783398,0,19725.064326
fibonacci,C,18,21,3,262144,2097152,784509,168212000,640007,178252,19725.064326
binomial,C,18,21,4,262144,2097152,785642,201652400,1792572,0,19626.2243252
fibonacci,C,18,21,4,262144,2097152,785642,161827800,643182,180351,19626.2243252
binomial,C,18,21,5,262144,2097152,784518,192496800,1793344,0,19687.4390347
fibonacci,C,18,21,5,262144,2097152,784518,168562500,641789,179208,19687.4390347
binomial,C,18,21,6,262144,2097152,784809,197824500,1793912,0,19731.1263403
fibonacci,C,18,21,6,262144,2097152,784809,172863200,643370,180384,19731.1263403
binomial,C,18,21,7,262144,2097152,785751,199608400,1791434,0,19730.6270251
fibonacci,C,18,21,7,262144,2097152,785751,166525100,642333,179271,19730.6270251
binomial,C,18,21,8,262144,2097152,785176,194821500,1789476,0,19689.2641753
fibonacci,C,18,21,8,262144,2097152,785176,167630600,641174,178684,19689.2641753
binomial,C,18,21,9,262144,2097152,785092,196952000,1790392,0,19671.2092321
fibonacci,C,18,21,9,262144,2097152,785092,165090900,640647,179020,19671.2092321
binomial,C,18,21,10,262144,2097152,784628,193881600,1790730,0,19711.9173263
fibonacci,C,18,21,10,262144,2097152,784628,162760700,642201,179442,19711.9173263
binomial,C,18,22,1,262144,4194304,966234,226734400,1885238,0,9820.88152672
fibonacci,C,18,22,1,262144,4194304,966234,228263100,735260,214261,9820.88152672
binomial,C,18,22,2,262144,4194304,967829,231864600,1882239,0,9865.02442653
fibonacci,C,18,22,2,262144,4194304,967829,211874400,734390,213559,9865.02442653
binomial,C,18,22,3,262144,4194304,967129,229374400,1881773,0,9861.91071305
fibonacci,C,18,22,3,262144,4194304,967129,210423600,735231,214224,9861.91071305
binomial,C,18,22,4,262144,4194304,966034,267559400,1883944,0,9838.9290645
fibonacci,C,18,22,4,262144,4194304,966034,213311300,734475,213879,9838.9290645
binomial,C,18,22,5,262144,4194304,966320,336042800,1884640,0,9856.14685791
fibonacci,C,18,22,5,262144,4194304,966320,275797100,735506,214243,9856.14685791
binomial,C,18,22,6,262144,4194304,966914,333316900,1887454,0,9862.86584876
fibonacci,C,18,22,6,262144,4194304,966914,271555600,736328,214522,9862.86584876
binomial,C,18,22,7,262144,4194304,966126,319631000,1884264,0,9861.81715768
fibonacci,C,18,22,7,262144,4194304,966126,269299200,733385,212888,9861.81715768
binomial,C,18,22,8,262144,4194304,966707,321222500,1888571,0,9820.74061396
fibonacci,C,18,22,8,262144,4194304,966707,273376500,737323,215099,9820.74061396
binomial,C,18,22,9,262144,4194304,967215,357724500,1887871,0,9812.40352819
fibonacci,C,18,22,9,262144,4194304,967215,290391200,736068,214479,9812.40352819
binomial,C,18,22,10,262144,4194304,966365,382311000,1884049,0,9860.51697897
fibonacci,C,18,22,10,262144,4194304,966365,299351500,733606,213291,9860.51697897
binomial,D,14,22,1,16384,4194304,105884,19903700,119404,0,38.3104161724
fibonacci,D,14,22,1,16384,4194304,105884,15077900,67489,21121,38.3104161724
binomial,D,14,22,2,16384,4194304,106180,15529900,119970,0,38.3637676138
fibonacci,D,14,22,2,16384,4194304,106180,13898300,68290,21687,38.3637676138
binomial,D,14,22,3,16384,4194304,105708,16946300,119010,0,38.4101420194
fibonacci,D,14,22,3,16384,4194304,105708,14088500,67936,21237,38.4101420194
binomial,D,14,22,4,16384,4194304,106408,25665500,119955,0,38.2642828691
fibonacci,D,14,22,4,16384,4194304,106408,14441600,67644,21141,38.2642828691
binomial,D,14,22,5,16384,4194304,106340,17436500,120519,0,38.4426254074
fibonacci,D,14,22,5,16384,4194304,106340,13973900,68546,21831,38.4426254074
binomial,D,14,22,6,16384,4194304,105362,15428600,118986,0,38.6519358291
fibonacci,D,14,22,6,16384,4194304,105362,15595400,68162,21541,38.6519358291
binomial,D,14,22,7,16384,4194304,105662,16270000,119285,0,38.5498000892
fibonacci,D,14,22,7,16384,4194304,105662,14159600,68122,21444,38.5498000892
binomial,D,14,22,8,16384,4194304,105567,15911500,120273,0,38.3097511903
fibonacci,D,14,22,8,16384,4194304,105567,14440000,68228,21558,38.3097511903
binomial,D,14,22,9,16384,4194304,105960,26994000,119759,0,38.3106554769
fibonacci,D,14,22,9,16384,4194304,105960,21154400,68243,21627,38.3106554769
binomial,D,14,22,10,16384,4194304,105496,18743100,120080,0,37.9760149115
fibonacci,D,14,22,10,16384,4194304,105496,15558100,67882,21428,37.9760149115
binomial,D,15,22,1,32768,4194304,188642,42731200,236922,0,155.888992516
fibonacci,D,15,22,1,32768,4194304,188642,28465700,124921,39032,155.888992516
binomial,D,15,22,2,32768,4194304,188747,33382900,236496,0,154.152000306
fibonacci,D,15,22,2,32768,4194304,188747,25088800,124462,38525,154.152000306
binomial,D,15,22,3,32768,4194304,188660,31286300,237954,0,155.145702853
fibonacci,D,15,22,3,32768,4194304,188660,24827700,124913,38952,155.145702853
binomial,D,15,22,4,32768,4194304,189044,35621200,238910,0,155.251559053
fibonacci,D,15,22,4,32768,4194304,189044,27969800,125866,39292,155.251559053
binomial,D,15,22,5,32768,4194304,188834,34622500,237553,0,154.061060864
fibonacci,D,15,22,5,32768,4194304,188834,31529700,124509,38619,154.061060864
binomial,D,15,22,6,32768,4194304,188569,30631000,238101,0,153.679984467
fibonacci,D,15,22,6,32768,4194304,188569,24908400,125204,39143,153.679984467
binomial,D,15,22,7,32768,4194304,188289,31756500,236459,0,154.196019713
fibonacci,D,15,22,7,32768,4194304,188289,28750600,124065,38613,154.196019713
binomial,D,15,22,8,32768,4194304,189071,22559200,237578,0,154.00068215
fibonacci,D,15,22,8,32768,4194304,189071,15862600,125231,39073,154.00068215
binomial,D,15,22,9,32768,4194304,189711,21225600,238409,0,153.128194111
fibonacci,D,15,22,9,32768,4194304,189711,15532900,125382,39025,153.128194111
binomial,D,15,22,10,32768,4194304,189283,18959700,239048,0,154.895511378
fibonacci,D,15,22,10,32768,4194304,189283,16325200,125699,39455,154.895511378
binomial,D,16,22,1,65536,4194304,333104,45420900,475934,0,614.96458897
fibonacci,D,16,22,1,65536,4194304,333104,36174700,229113,70749,614.96458897
binomial,D,16,22,2,65536,4194304,332810,58952900,474810,0,614.23311263
fibonacci,D,16,22,2,65536,4194304,332810,41945100,229244,70531,614.23311263
binomial,D,16,22,3,65536,4194304,332872,61785200,475581,0,615.773986041
fibonacci,D,16,22,3,65536,4194304,332872,38037500,229224,70525,615.773986041
binomial,D,16,22,4,65536,4194304,332120,49814500,471588,0,614.597590289
fibonacci,D,16,22,4,65536,4194304,332120,35148000,227940,70002,614.597590289
binomial,D,16,22,5,65536,4194304,332950,52137100,476518,0,613.015722347
fibonacci,D,16,22,5,65536,4194304,332950,38496800,229513,70639,613.015722347
binomial,D,16,22,6,65536,4194304,332542,64330500,471874,0,618.360166036
fibonacci,D,16,22,6,65536,4194304,332542,50750800,227748,69635,618.360166036
binomial,D,16,22,7,65536,4194304,331808,56371300,472005,0,615.33469933
fibonacci,D,16,22,7,65536,4194304,331808,43358300,228136,70092,615.33469933
binomial,D,16,22,8,65536,4194304,332891,62408100,475346,0,615.731021584
fibonacci,D,16,22,8,65536,4194304,332891,42927900,228529,70193,615.731021584
binomial,D,16,22,9,65536,4194304,332552,59688500,472052,0,616.134210685
fibonacci,D,16,22,9,65536,4194304,332552,47008900,227394,69462,616.134210685
binomial,D,16,22,10,65536,4194304,332507,63708600,475731,0,610.398114972
fibonacci,D,16,22,10,65536,4194304,332507,45168000,228411,70219,610.398114972
binomial,D,17,22,1,131072,4194304,574028,160424300,945672,0,2457.76243832
fibonacci,D,17,22,1,131072,4194304,574028,118472900,413045,124061,2457.76243832
binomial,D,17,22,2,131072,4194304,573962,150771700,945326,0,2467.44888182
fibonacci,D,17,22,2,131072,4194304,573962,124815800,412733,123785,2467.44888182
binomial,D,17,22,3,131072,4194304,573974,157842900,945350,0,2469.75920681
fibonacci,D,17,22,3,131072,4194304,573974,124321700,412741,123663,2469.75920681
binomial,D,17,22,4,131072,4194304,573546,121563500,947972,0,2470.8667564
fibonacci,D,17,22,4,131072,4194304,573546,97512300,412851,124375,2470.8667564
binomial,D,17,22,5,131072,4194304,574864,114615100,944635,0,2461.25175872
fibonacci,D,17,22,5,131072,4194304,574864,97906400,412482,123548,2461.25175872
binomial,D,17,22,6,131072,4194304,574986,110289900,945287,0,2465.69974339
fibonacci,D,17,22,6,131072,4194304,574986,99744900,412832,123908,2465.69974339
binomial,D,17,22,7,131072,4194304,573973,107618500,946267,0,2455.88967747
fibonacci,D,17,22,7,131072,4194304,573973,100131200,413182,124042,2455.88967747
binomial,D,17,22,8,131072,4194304,574332,107004500,943909,0,2467.71713896
fibonacci,D,17,22,8,131072,4194304,574332,96731400,411691,123424,2467.71713896
binomial,D,17,22,9,131072,4194304,574676,110383000,950149,0,2463.46455696
fibonacci,D,17,22,9,131072,4194304,574676,97785900,414270,125196,2463.46455696
binomial,D,17,22,10,131072,4194304,574678,107651800,943708,0,2460.3446548
fibonacci,D,17,22,10,131072,4194304,574678,100732000,413050,123786,2460.3446548
binomial,D,18,22,1,262144,4194304,966234,228006700,1885238,0,9820.88152672
fibonacci,D,18,22,1,262144,4194304,966234,210127800,735260,214261,9820.88152672
binomial,D,18,22,2,262144,4194304,967829,259283200,1882239,0,9865.02442653
fibonacci,D,18,22,2,262144,4194304,967829,209585300,734390,213559,9865.02442653
binomial,D,18,22,3,262144,4194304,967129,229840000,1881773,0,9861.91071305
fibonacci,D,18,22,3,262144,4194304,967129,206728700,735231,214224,9861.91071305
binomial,D,18,22,4,262144,4194304,966034,262706100,1883944,0,9838.9290645
fibonacci,D,18,22,4,262144,4194304,966034,301150400,734475,213879,9838.9290645
binomial,D,18,22,5,262144,4194304,966320,324987500,1884640,0,9856.14685791
fibonacci,D,18,22,5,262144,4194304,966320,273250100,735506,214243,9856.14685791
binomial,D,18,22,6,262144,4194304,966914,320415000,1887454,0,9862.86584876
fibonacci,D,18,22,6,262144,4194304,966914,272068100,736328,214522,9862.86584876
binomial,D,18,22,7,262144,4194304,966126,322367000,1884264,0,9861.81715768
fibonacci,D,18,22,7,262144,4194304,966126,340122700,733385,212888,9861.81715768
binomial,D,18,22,8,262144,4194304,966707,327777300,1888571,0,9820.74061396
fibonacci,D,18,22,8,262144,4194304,966707,273693100,737323,215099,9820.74061396
binomial,D,18,22,9,262144,4194304,967215,320918300,1887871,0,9812.40352819
fibonacci,D,18,22,9,262144,4194304,967215,270323400,736068,214479,9812.40352819
binomial,D,18,22,10,262144,4194304,966365,316784600,1884049,0,9860.51697897
fibonacci,D,18,22,10,262144,4194304,966365,276565600,733606,213291,9860.51697897
