parte,serie,i,j,semilla,peso_binomial,peso_fibonacci,iguales
6.3.1,A,20,20,1,524664.429826,524664.429826,1
6.3.1,A,20,20,2,524298.709561,524298.709561,1
6.3.1,A,20,20,3,524320.273165,524320.273165,1
6.3.1,A,20,20,4,524471.791288,524471.791288,1
6.3.1,A,20,20,5,524414.139962,524414.139962,1
6.3.1,A,20,20,6,524569.897038,524569.897038,1
6.3.1,A,20,20,7,524895.10404,524895.10404,1
6.3.1,A,20,20,8,523620.943737,523620.943737,1
6.3.1,A,20,20,9,523877.933148,523877.933148,1
6.3.1,A,20,20,10,524765.793519,524765.793519,1
6.3.1,A,20,21,1,299925.81363,299925.81363,1
6.3.1,A,20,21,2,299620.322704,299620.322704,1
6.3.1,A,20,21,3,299647.523471,299647.523471,1
6.3.1,A,20,21,4,299658.106978,299658.106978,1
6.3.1,A,20,21,5,300157.434847,300157.434847,1
6.3.1,A,20,21,6,300013.131055,300013.131055,1
6.3.1,A,20,21,7,300089.444202,300089.444202,1
6.3.1,A,20,21,8,299421.959716,299421.959716,1
6.3.1,A,20,21,9,299309.69156,299309.69156,1
6.3.1,A,20,21,10,299757.497882,299757.497882,1
6.3.1,A,20,22,1,156575.208317,156575.208317,1
6.3.1,A,20,22,2,156427.512048,156427.512048,1
6.3.1,A,20,22,3,156486.138716,156486.138716,1
6.3.1,A,20,22,4,156476.25129,156476.25129,1
6.3.1,A,20,22,5,156695.700424,156695.700424,1
6.3.1,A,20,22,6,156482.094636,156482.094636,1
6.3.1,A,20,22,7,156414.101372,156414.101372,1
6.3.1,A,20,22,8,156529.595977,156529.595977,1
6.3.1,A,20,22,9,156347.295434,156347.295434,1
6.3.1,A,20,22,10,156578.072333,156578.072333,1
6.3.1,A,20,23,1,78824.5228533,78824.5228533,1
6.3.1,A,20,23,2,78712.7105542,78712.7105542,1
6.3.1,A,20,23,3,78726.8197739,78726.8197739,1
6.3.1,A,20,23,4,78715.9325663,78715.9325663,1
6.3.1,A,20,23,5,78789.1156279,78789.1156279,1
6.3.1,A,20,23,6,78678.7581799,78678.7581799,1
6.3.1,A,20,23,7,78772.1080425,78772.1080425,1
6.3.1,A,20,23,8,78725.0220838,78725.0220838,1
6.3.1,A,20,23,9,78671.3978879,78671.3978879,1
6.3.1,A,20,23,10,78692.6984701,78692.6984701,1
6.3.1,A,20,24,1,39380.7448202,39380.7448202,1
6.3.1,A,20,24,2,39383.2420445,39383.2420445,1
6.3.1,A,20,24,3,39387.9305931,39387.9305931,1
6.3.1,A,20,24,4,39353.7598307,39353.7598307,1
6.3.1,A,20,24,5,39347.5403787,39347.5403787,1
6.3.1,A,20,24,6,39318.7094532,39318.7094532,1
6.3.1,A,20,24,7,39407.6702562,39407.6702562,1
6.3.1,A,20,24,8,39423.9193801,39423.9193801,1
6.3.1,A,20,24,9,39435.8289686,39435.8289686,1
6.3.1,A,20,24,10,39383.7955019,39383.7955019,1
6.3.1,B,18,24,1,2457.93858329,2457.93858329,1
6.3.1,B,18,24,2,2466.36845282,2466.36845282,1
6.3.1,B,18,24,3,2460.20040443,2460.20040443,1
6.3.1,B,18,24,4,2463.57221557,2463.57221557,1
6.3.1,B,18,24,5,2457.59551934,2457.59551934,1
6.3.1,B,18,24,6,2465.30061757,2465.30061757,1
6.3.1,B,18,24,7,2453.68391223,2453.68391223,1
6.3.1,B,18,24,8,2468.15762407,2468.15762407,1
6.3.1,B,18,24,9,2462.69572199,2462.69572199,1
6.3.1,B,18,24,10,2457.28296251,2457.28296251,1
6.3.1,B,19,24,1,9842.43810225,9842.43810225,1
6.3.1,B,19,24,2,9854.20275149,9854.20275149,1
6.3.1,B,19,24,3,9848.17916046,9848.17916046,1
6.3.1,B,19,24,4,9858.94882984,9858.94882984,1
6.3.1,B,19,24,5,9866.43907552,9866.43907552,1
6.3.1,B,19,24,6,9843.17107619,9843.17107619,1
6.3.1,B,19,24,7,9835.76755105,9835.76755105,1
6.3.1,B,19,24,8,9849.36657698,9849.36657698,1
6.3.1,B,19,24,9,9854.84631233,9854.84631233,1
6.3.1,B,19,24,10,9850.74986018,9850.74986018,1
6.3.1,B,20,24,1,39380.7448202,39380.7448202,1
6.3.1,B,20,24,2,39383.2420445,39383.2420445,1
6.3.1,B,20,24,3,39387.9305931,39387.9305931,1
6.3.1,B,20,24,4,39353.7598307,39353.7598307,1
6.3.1,B,20,24,5,39347.5403787,39347.5403787,1
6.3.1,B,20,24,6,39318.7094532,39318.7094532,1
6.3.1,B,20,24,7,39407.6702562,39407.6702562,1
6.3.1,B,20,24,8,39423.9193801,39423.9193801,1
6.3.1,B,20,24,9,39435.8289686,39435.8289686,1
6.3.1,B,20,24,10,39383.7955019,39383.7955019,1
6.3.1,B,21,24,1,157382.339138,157382.339138,1
6.3.1,B,21,24,2,157611.597661,157611.597661,1
6.3.1,B,21,24,3,157463.228362,157463.228362,1
6.3.1,B,21,24,4,157499.559627,157499.559627,1
6.3.1,B,21,24,5,157424.446914,157424.446914,1
6.3.1,B,21,24,6,157196.440382,157196.440382,1
6.3.1,B,21,24,7,157501.852401,157501.852401,1
6.3.1,B,21,24,8,157151.158626,157151.158626,1
6.3.1,B,21,24,9,157430.255059,157430.255059,1
6.3.1,B,21,24,10,157422.514398,157422.514398,1
6.3.1,B,22,24,1,625961.457034,625961.457034,1
6.3.1,B,22,24,2,625153.858235,625153.858235,1
6.3.1,B,22,24,3,626271.473097,626271.473097,1
6.3.1,B,22,24,4,626217.885884,626217.885884,1
6.3.1,B,22,24,5,625633.853036,625633.853036,1
6.3.1,B,22,24,6,626008.80697,626008.80697,1
6.3.1,B,22,24,7,626288.72799,626288.72799,1
6.3.1,B,22,24,8,626282.932221,626282.932221,1
6.3.1,B,22,24,9,626419.692221,626419.692221,1
6.3.1,B,22,24,10,626241.36122,626241.36122,1
6.3.2,C,18,18,1,131058.031363,131058.031363,1
6.3.2,C,18,18,2,131200.307949,131200.307949,1
6.3.2,C,18,18,3,131133.594985,131133.594985,1
6.3.2,C,18,18,4,131083.212308,131083.212308,1
6.3.2,C,18,18,5,130975.866339,130975.866339,1
6.3.2,C,18,18,6,130904.794444,130904.794444,1
6.3.2,C,18,18,7,131218.663107,131218.663107,1
6.3.2,C,18,18,8,130716.765605,130716.765605,1
6.3.2,C,18,18,9,131231.646216,131231.646216,1
6.3.2,C,18,18,10,131089.889648,131089.889648,1
6.3.2,C,18,19,1,74929.6995995,74929.6995995,1
6.3.2,C,18,19,2,74990.7042429,74990.7042429,1
6.3.2,C,18,19,3,75010.2534837,75010.2534837,1
6.3.2,C,18,19,4,74843.2391773,74843.2391773,1
6.3.2,C,18,19,5,74898.1099109,74898.1099109,1
6.3.2,C,18,19,6,74811.1498275,74811.1498275,1
6.3.2,C,18,19,7,74950.6057029,74950.6057029,1
6.3.2,C,18,19,8,74896.9814671,74896.9814671,1
6.3.2,C,18,19,9,75091.5530518,75091.5530518,1
6.3.2,C,18,19,10,75023.2505364,75023.2505364,1
6.3.2,C,18,20,1,39078.1887414,39078.1887414,1
6.3.2,C,18,20,2,39073.9379259,39073.9379259,1
6.3.2,C,18,20,3,39192.5105794,39192.5105794,1
6.3.2,C,18,20,4,39003.9379713,39003.9379713,1
6.3.2,C,18,20,5,39095.019354,39095.019354,1
6.3.2,C,18,20,6,39091.3534299,39091.3534299,1
6.3.2,C,18,20,7,39148.8453341,39148.8453341,1
6.3.2,C,18,20,8,39143.8352839,39143.8352839,1
6.3.2,C,18,20,9,39136.9023804,39136.9023804,1
6.3.2,C,18,20,10,39208.3232848,39208.3232848,1
6.3.2,C,18,21,1,19627.739641,19627.739641,1
6.3.2,C,18,21,2,19677.394078,19677.394078,1
6.3.2,C,18,21,3,19725.064326,19725.064326,1
6.3.2,C,18,21,4,19626.2243252,19626.2243252,1
6.3.2,C,18,21,5,19687.4390347,19687.4390347,1
6.3.2,C,18,21,6,19731.1263403,19731.1263403,1
6.3.2,C,18,21,7,19730.6270251,19730.6270251,1
6.3.2,C,18,21,8,19689.2641753,19689.2641753,1
6.3.2,C,18,21,9,19671.2092321,19671.2092321,1
6.3.2,C,18,21,10,19711.9173263,19711.9173263,1
6.3.2,C,18,22,1,9820.88152672,9820.88152672,1
6.3.2,C,18,22,2,9865.02442653,9865.02442653,1
6.3.2,C,18,22,3,9861.91071305,9861.91071305,1
6.3.2,C,18,22,4,9838.9290645,9838.9290645,1
6.3.2,C,18,22,5,9856.14685791,9856.14685791,1
6.3.2,C,18,22,6,9862.86584876,9862.86584876,1
6.3.2,C,18,22,7,9861.81715768,9861.81715768,1
6.3.2,C,18,22,8,9820.74061396,9820.74061396,1
6.3.2,C,18,22,9,9812.40352819,9812.40352819,1
6.3.2,C,18,22,10,9860.51697897,9860.51697897,1
6.3.2,D,14,22,1,38.3104161724,38.3104161724,1
6.3.2,D,14,22,2,38.3637676138,38.3637676138,1
6.3.2,D,14,22,3,38.4101420194,38.4101420194,1
6.3.2,D,14,22,4,38.2642828691,38.2642828691,1
6.3.2,D,14,22,5,38.4426254074,38.4426254074,1
6.3.2,D,14,22,6,38.6519358291,38.6519358291,1
6.3.2,D,14,22,7,38.5498000892,38.5498000892,1
6.3.2,D,14,22,8,38.3097511903,38.3097511903,1
6.3.2,D,14,22,9,38.3106554769,38.3106554769,1
6.3.2,D,14,22,10,37.9760149115,37.9760149115,1
6.3.2,D,15,22,1,155.888992516,155.888992516,1
6.3.2,D,15,22,2,154.152000306,154.152000306,1
6.3.2,D,15,22,3,155.145702853,155.145702853,1
6.3.2,D,15,22,4,155.251559053,155.251559053,1
6.3.2,D,15,22,5,154.061060864,154.061060864,1
6.3.2,D,15,22,6,153.679984467,153.679984467,1
6.3.2,D,15,22,7,154.196019713,154.196019713,1
6.3.2,D,15,22,8,154.00068215,154.00068215,1
6.3.2,D,15,22,9,153.128194111,153.128194111,1
6.3.2,D,15,22,10,154.895511378,154.895511378,1
6.3.2,D,16,22,1,614.96458897,614.96458897,1
6.3.2,D,16,22,2,614.23311263,614.23311263,1
6.3.2,D,16,22,3,615.773986041,615.773986041,1
6.3.2,D,16,22,4,614.597590289,614.597590289,1
6.3.2,D,16,22,5,613.015722347,613.015722347,1
6.3.2,D,16,22,6,618.360166036,618.360166036,1
6.3.2,D,16,22,7,615.33469933,615.33469933,1
6.3.2,D,16,22,8,615.731021584,615.731021584,1
6.3.2,D,16,22,9,616.134210685,616.134210685,1
6.3.2,D,16,22,10,610.398114972,610.398114972,1
6.3.2,D,17,22,1,2457.76243832,2457.76243832,1
6.3.2,D,17,22,2,2467.44888182,2467.44888182,1
6.3.2,D,17,22,3,2469.75920681,2469.75920681,1
6.3.2,D,17,22,4,2470.8667564,2470.8667564,1
6.3.2,D,17,22,5,2461.25175872,2461.25175872,1
6.3.2,D,17,22,6,2465.69974339,2465.69974339,1
6.3.2,D,17,22,7,2455.88967747,2455.88967747,1
6.3.2,D,17,22,8,2467.71713896,2467.71713896,1
6.3.2,D,17,22,9,2463.46455696,2463.46455696,1
6.3.2,D,17,22,10,2460.3446548,2460.3446548,1
6.3.2,D,18,22,1,9820.88152672,9820.88152672,1
6.3.2,D,18,22,2,9865.02442653,9865.02442653,1
6.3.2,D,18,22,3,9861.91071305,9861.91071305,1
6.3.2,D,18,22,4,9838.9290645,9838.9290645,1
6.3.2,D,18,22,5,9856.14685791,9856.14685791,1
6.3.2,D,18,22,6,9862.86584876,9862.86584876,1
6.3.2,D,18,22,7,9861.81715768,9861.81715768,1
6.3.2,D,18,22,8,9820.74061396,9820.74061396,1
6.3.2,D,18,22,9,9812.40352819,9812.40352819,1
6.3.2,D,18,22,10,9860.51697897,9860.51697897,1
